{
  "name": "NPC头像图标增添",
  "version": "0.4.0",
  "styleFileList": [],
  "scriptFileList": [],
  "tweeFileList": [],
  "imgFileList": [
    "img/misc/icon/social/sydney/syd_beyondp_st_po_co.png",
    "img/misc/icon/social/sydney/syd_default_st_po_gl.png",
    "img/misc/icon/social/darryl/darryl_cute_m.png",
    "img/misc/icon/social/whitney/whitney_vendetta_m.png",
    "img/misc/icon/social/sydney/syd_intrigued_bl_lo_co.png",
    "img/misc/icon/social/sydney/syd_conflicted_bl_lo_co.png",
    "img/misc/icon/social/whitney/whitney_pathetic_m.png",
    "img/misc/icon/social/remy/remy_adorable_m.png",
    "img/misc/icon/social/kylar/kylar_owl_m.png",
    "img/misc/icon/social/sydney/syd_know_bl_lo_gl.png",
    "img/misc/icon/social/sydney/syd_know_st_lo_co.png",
    "img/misc/icon/social/briar/briar_terrible_f.png",
    "img/misc/icon/social/alex/alex_pervert_f.png",
    "img/misc/icon/social/alex/alex_ride_f.png",
    "img/misc/icon/social/kylar/kylar_enamoured4_f.png",
    "img/misc/icon/social/alex/alex_charge_f.png",
    "img/misc/icon/social/darryl/darryl_adorable_m.png",
    "img/misc/icon/social/sydney/syd_beyondp_bl_po_co.png",
    "img/misc/icon/social/alex/alex_farmhand_m.png",
    "img/misc/icon/social/wren/wren_default_f.png",
    "img/misc/icon/social/kylar/kylar_enamoured3_m.png",
    "img/misc/icon/social/sydney/syd_initiate_bl_po_gl.png",
    "img/misc/icon/social/sydney/syd_beyondc_st_po_gl.png",
    "img/misc/icon/social/alex/alex_pervert_m.png",
    "img/misc/icon/social/alex/alex_admire_m.png",
    "img/misc/icon/social/alex/alex_control_m.png",
    "img/misc/icon/social/remy/remy_cute_m.png",
    "img/misc/icon/social/sydney/syd_initiate_bl_lo_gl.png",
    "img/misc/icon/social/harper/harper_inspiring.png",
    "img/misc/icon/social/sydney/syd_deflowered_bl_lo_co.png",
    "img/misc/icon/social/sydney/syd_beyondp_bl_po_gl.png",
    "img/misc/icon/social/sydney/syd_influenced_bl_lo_gl.png",
    "img/misc/icon/social/kylar/kylar_infatuated1_m.png",
    "img/misc/icon/social/jordan/jordan_delightful.png",
    "img/misc/icon/social/alex/alex_control_f.png",
    "img/misc/icon/social/wren/wren_delightful_m.png",
    "img/misc/icon/social/whitney/whitney_shaken_f.png",
    "img/misc/icon/social/sydney/syd_beyondc_st_lo_gl.png",
    "img/misc/icon/social/darryl/darryl_default_f.png",
    "img/misc/icon/social/sydney/syd_fond_st_po_co.png",
    "img/misc/icon/social/sydney/syd_misguided_st_po_gl.png",
    "img/misc/icon/social/sydney/syd_equal_bl_lo_co.png",
    "img/misc/icon/social/sydney/syd_deflowered_st_po_gl.png",
    "img/misc/icon/social/sydney/syd_equal_st_lo_co.png",
    "img/misc/icon/social/remy/remy_default_f.png",
    "img/misc/icon/social/sydney/syd_default_bl_lo_co.png",
    "img/misc/icon/social/wren/wren_cute_m.png",
    "img/misc/icon/social/kylar/kylar_enamoured2_f.png",
    "img/misc/icon/social/alex/alex_ride_m.png",
    "img/misc/icon/social/landry/landry_mickey_m.png",
    "img/misc/icon/social/sydney/syd_anything_st_lo_co.png",
    "img/misc/icon/social/sydney/syd_conflicted_bl_lo_gl.png",
    "img/misc/icon/social/sydney/syd_intrigued_st_lo_co.png",
    "img/misc/icon/social/sydney/syd_conflicted_st_po_gl.png",
    "img/misc/icon/social/kylar/kylar_enamoured1_f.png",
    "img/misc/icon/social/whitney/whitney_girlfriend_m.png",
    "img/misc/icon/social/kylar/kylar_obsessed4_f.png",
    "img/misc/icon/social/sydney/syd_beyondc_bl_po_co.png",
    "img/misc/icon/social/sydney/syd_beyondc_st_po_co.png",
    "img/misc/icon/social/wren/wren_adorable_m.png",
    "img/misc/icon/social/whitney/whitney_humiliated_m.png",
    "img/misc/icon/social/alex/alex_partner_m.png",
    "img/misc/icon/social/gwylan/gwylan.png",
    "img/misc/icon/social/wren/wren_inspiring_f.png",
    "img/misc/icon/social/wren/wren_lookup_f.png",
    "img/misc/icon/social/sydney/syd_beyondc_bl_po_gl.png",
    "img/misc/icon/social/sydney/syd_fond_st_lo_co.png",
    "img/misc/icon/social/sydney/syd_intrigued_bl_po_gl.png",
    "img/misc/icon/social/sydney/syd_know_bl_lo_co.png",
    "img/misc/icon/social/sydney/syd_default_bl_po_co.png",
    "img/misc/icon/social/briar/briar_delightful_f.png",
    "img/misc/icon/social/sydney/syd_initiate_st_po_co.png",
    "img/misc/icon/social/sydney/syd_default_st_lo_gl.png",
    "img/misc/icon/social/sydney/syd_know_bl_po_co.png",
    "img/misc/icon/social/kylar/kylar_enamoured1_m.png",
    "img/misc/icon/social/whitney/whitney_shaken_m.png",
    "img/misc/icon/social/wren/wren_cute_f.png",
    "img/misc/icon/social/kylar/kylar_enamoured2_m.png",
    "img/misc/icon/social/wren/wren_inspiring_m.png",
    "img/misc/icon/social/kylar/kylar_fixated2_m.png",
    "img/misc/icon/social/sydney/syd_anything_st_po_co.png",
    "img/misc/icon/social/sydney/syd_initiate_st_lo_co.png",
    "img/misc/icon/social/kylar/kylar_infatuated2_f.png",
    "img/misc/icon/social/sydney/syd_conflicted_st_lo_co.png",
    "img/misc/icon/social/sydney/syd_default_st_lo_co.png",
    "img/misc/icon/social/kylar/kylar_obsessed2_m.png",
    "img/misc/icon/social/sydney/syd_default_st_po_co.png",
    "img/misc/icon/social/briar/briar_lookup_f.png",
    "img/misc/icon/social/darryl/darryl_terrible_m.png",
    "img/misc/icon/social/harper/harper_terrible.png",
    "img/misc/icon/social/whitney/whitney_freak_f.png",
    "img/misc/icon/social/sydney/syd_anything_st_lo_gl.png",
    "img/misc/icon/social/kylar/kylar_fixated1_m.png",
    "img/misc/icon/social/alex/alex_partner_f.png",
    "img/misc/icon/social/whitney/whitney_vulnerable_f.png",
    "img/misc/icon/social/sydney/syd_heretical_st_po_co.png",
    "img/misc/icon/social/remy/remy_inspiring_f.png",
    "img/misc/icon/social/alex/alex_bother_f.png",
    "img/misc/icon/social/bailey/bailey_m.png",
    "img/misc/icon/social/kylar/kylar_fixated2_f.png",
    "img/misc/icon/social/wren/wren_adorable_f.png",
    "img/misc/icon/social/sydney/syd_fond_bl_po_gl.png",
    "img/misc/icon/social/sydney/syd_initiate_bl_po_co.png",
    "img/misc/icon/social/darryl/darryl_inspiring_f.png",
    "img/misc/icon/social/sydney/syd_beyondp_st_lo_co.png",
    "img/misc/icon/social/sydney/syd_beyondp_st_lo_gl.png",
    "img/misc/icon/social/sydney/syd_know_st_lo_gl.png",
    "img/misc/icon/social/remy/remy_inspiring_m.png",
    "img/misc/icon/social/remy/remy_lookup_f.png",
    "img/misc/icon/social/sydney/syd_influenced_bl_lo_co.png",
    "img/misc/icon/social/sydney/syd_beyondp_bl_lo_co.png",
    "img/misc/icon/social/whitney/whitney_beg_m.png",
    "img/misc/icon/social/whitney/whitney_fun_m.png",
    "img/misc/icon/social/sydney/syd_equal_st_po_gl.png",
    "img/misc/icon/social/sydney/syd_influenced_st_lo_co.png",
    "img/misc/icon/social/sydney/syd_equal_bl_po_gl.png",
    "img/misc/icon/social/sydney/syd_intrigued_st_po_co.png",
    "img/misc/icon/social/alex/alex_depend_m.png",
    "img/misc/icon/social/alex/alex_respect_m.png",
    "img/misc/icon/social/remy/remy_terrible_m.png",
    "img/misc/icon/social/sydney/syd_beyondc_bl_lo_co.png",
    "img/misc/icon/social/sydney/syd_equal_st_lo_gl.png",
    "img/misc/icon/social/briar/briar_cute_f.png",
    "img/misc/icon/social/sydney/syd_heretical_bl_po_co.png",
    "img/misc/icon/social/briar/briar_cute_m.png",
    "img/misc/icon/social/whitney/whitney_threat_m.png",
    "img/misc/icon/social/briar/briar_default_f.png",
    "img/misc/icon/social/alex/alex_default_f.png",
    "img/misc/icon/social/sydney/syd_misguided_bl_po_co.png",
    "img/misc/icon/social/wren/wren_terrible_m.png",
    "img/misc/icon/social/kylar/kylar_infatuated2_m.png",
    "img/misc/icon/social/sydney/syd_anything_st_po_gl.png",
    "img/misc/icon/social/sydney/syd_anything_bl_lo_co.png",
    "img/misc/icon/social/sydney/syd_deflowered_st_lo_gl.png",
    "img/misc/icon/social/sydney/syd_intrigued_st_lo_gl.png",
    "img/misc/icon/social/kylar/kylar_obsessed2_f.png",
    "img/misc/icon/social/alex/alex_depend_f.png",
    "img/misc/icon/social/whitney/whitney_own_f.png",
    "img/misc/icon/social/remy/remy_lookup_m.png",
    "img/misc/icon/social/kylar/kylar_prison_m.png",
    "img/misc/icon/social/harper/harper_lookup.png",
    "img/misc/icon/social/briar/briar_terrible_m.png",
    "img/misc/icon/social/sydney/syd_influenced_bl_po_co.png",
    "img/misc/icon/social/sydney/syd_beyondp_bl_lo_gl.png",
    "img/misc/icon/social/sydney/syd_misguided_bl_lo_gl.png",
    "img/misc/icon/social/sydney/syd_know_st_po_gl.png",
    "img/misc/icon/social/jordan/jordan_default.png",
    "img/misc/icon/social/alex/alex_farmhand_f.png",
    "img/misc/icon/social/whitney/whitney_girlfriend_f.png",
    "img/misc/icon/social/remy/remy_cute_f.png",
    "img/misc/icon/social/whitney/whitney_threat_f.png",
    "img/misc/icon/social/alex/alex_glad_f.png",
    "img/misc/icon/social/kylar/kylar_obsessed1_f.png",
    "img/misc/icon/social/sydney/syd_intrigued_bl_lo_gl.png",
    "img/misc/icon/social/sydney/syd_misguided_st_po_co.png",
    "img/misc/icon/social/whitney/whitney_humiliated_f.png",
    "img/misc/icon/social/darryl/darryl_cute_f.png",
    "img/misc/icon/social/remy/remy_default_m.png",
    "img/misc/icon/social/harper/harper_default.png",
    "img/misc/icon/social/whitney/whitney_grateful_m.png",
    "img/misc/icon/social/sydney/syd_conflicted_bl_po_co.png",
    "img/misc/icon/social/whitney/whitney_grateful_f.png",
    "img/misc/icon/social/kylar/kylar_owl_f.png",
    "img/misc/icon/social/kylar/kylar_obsessed3_m.png",
    "img/misc/icon/social/sydney/syd_misguided_st_lo_gl.png",
    "img/misc/icon/social/darryl/darryl_terrible_f.png",
    "img/misc/icon/social/landry/landry_default_m.png",
    "img/misc/icon/social/kylar/kylar_fixated1_f.png",
    "img/misc/icon/social/briar/briar_lookup_m.png",
    "img/misc/icon/social/sydney/syd_default_bl_po_gl.png",
    "img/misc/icon/social/jordan/jordan_terrible.png",
    "img/misc/icon/social/sydney/syd_heretical_st_po_gl.png",
    "img/misc/icon/social/harper/harper_cute.png",
    "img/misc/icon/social/darryl/darryl_inspiring_m.png",
    "img/misc/icon/social/briar/briar_delightful_m.png",
    "img/misc/icon/social/sydney/syd_heretical_bl_po_gl.png",
    "img/misc/icon/social/sydney/syd_fond_bl_po_co.png",
    "img/misc/icon/social/harper/harper_delightful.png",
    "img/misc/icon/social/darryl/darryl_lookup_m.png",
    "img/misc/icon/social/sydney/syd_heretical_st_lo_gl.png",
    "img/misc/icon/social/remy/remy_delightful_m.png",
    "img/misc/icon/social/alex/alex_charge_m.png",
    "img/misc/icon/social/wren/wren_lookup_m.png",
    "img/misc/icon/social/whitney/whitney_beg_f.png",
    "img/misc/icon/social/sydney/syd_fond_bl_lo_co.png",
    "img/misc/icon/social/landry/landry_mickey_f.png",
    "img/misc/icon/social/alex/alex_bother_m.png",
    "img/misc/icon/social/sydney/syd_equal_bl_po_co.png",
    "img/misc/icon/social/sydney/syd_beyondc_bl_lo_gl.png",
    "img/misc/icon/social/sydney/syd_beyondc_st_lo_co.png",
    "img/misc/icon/social/sydney/syd_fond_bl_lo_gl.png",
    "img/misc/icon/social/alex/alex_admire_f.png",
    "img/misc/icon/social/sydney/syd_anything_bl_po_gl.png",
    "img/misc/icon/social/sydney/syd_deflowered_st_lo_co.png",
    "img/misc/icon/social/sydney/syd_initiate_bl_lo_co.png",
    "img/misc/icon/social/whitney/whitney_lust_f.png",
    "img/misc/icon/social/kylar/kylar_infatuated1_f.png",
    "img/misc/icon/social/wren/wren_delightful_f.png",
    "img/misc/icon/social/whitney/whitney_freak_m.png",
    "img/misc/icon/social/sydney/syd_beyondp_st_po_gl.png",
    "img/misc/icon/social/sydney/syd_influenced_st_po_gl.png",
    "img/misc/icon/social/sydney/syd_influenced_st_lo_gl.png",
    "img/misc/icon/social/sydney/syd_know_st_po_co.png",
    "img/misc/icon/social/alex/alex_default_m.png",
    "img/misc/icon/social/sydney/syd_equal_st_po_co.png",
    "img/misc/icon/social/sydney/syd_intrigued_bl_po_co.png",
    "img/misc/icon/social/whitney/whitney_vendetta_f.png",
    "img/misc/icon/social/wren/wren_terrible_f.png",
    "img/misc/icon/social/whitney/whitney_pathetic_f.png",
    "img/misc/icon/social/kylar/kylar_prison_f.png",
    "img/misc/icon/social/bailey/bailey_f.png",
    "img/misc/icon/social/sydney/syd_initiate_st_po_gl.png",
    "img/misc/icon/social/sydney/syd_intrigued_st_po_gl.png",
    "img/misc/icon/social/whitney/whitney_vulnerable_m.png",
    "img/misc/icon/social/whitney/whitney_fun_f.png",
    "img/misc/icon/social/darryl/darryl_default_m.png",
    "img/misc/icon/social/darryl/darryl_lookup_f.png",
    "img/misc/icon/social/kylar/kylar_obsessed4_m.png",
    "img/misc/icon/social/sydney/syd_initiate_st_lo_gl.png",
    "img/misc/icon/social/sydney/syd_deflowered_bl_po_gl.png",
    "img/misc/icon/social/sydney/syd_heretical_bl_lo_co.png",
    "img/misc/icon/social/sydney/syd_misguided_bl_lo_co.png",
    "img/misc/icon/social/landry/landry_default_f.png",
    "img/misc/icon/social/remy/remy_terrible_f.png",
    "img/misc/icon/social/sydney/syd_fond_st_po_gl.png",
    "img/misc/icon/social/kylar/kylar_obsessed1_m.png",
    "img/misc/icon/social/sydney/syd_conflicted_bl_po_gl.png",
    "img/misc/icon/social/kylar/kylar_obsessed3_f.png",
    "img/misc/icon/social/remy/remy_delightful_f.png",
    "img/misc/icon/social/sydney/syd_equal_bl_lo_gl.png",
    "img/misc/icon/social/sydney/syd_heretical_st_lo_co.png",
    "img/misc/icon/social/sydney/syd_deflowered_st_po_co.png",
    "img/misc/icon/social/alex/alex_glad_m.png",
    "img/misc/icon/social/whitney/whitney_own_m.png",
    "img/misc/icon/social/sydney/syd_influenced_bl_po_gl.png",
    "img/misc/icon/social/wren/wren_default_m.png",
    "img/misc/icon/social/sydney/syd_conflicted_st_po_co.png",
    "img/misc/icon/social/sydney/syd_fond_st_lo_gl.png",
    "img/misc/icon/social/sydney/syd_heretical_bl_lo_gl.png",
    "img/misc/icon/social/alex/alex_respect_f.png",
    "img/misc/icon/social/sydney/syd_misguided_st_lo_co.png",
    "img/misc/icon/social/sydney/syd_deflowered_bl_po_co.png",
    "img/misc/icon/social/sydney/syd_anything_bl_lo_gl.png",
    "img/misc/icon/social/sydney/syd_anything_bl_po_co.png",
    "img/misc/icon/social/kylar/kylar_enamoured4_m.png",
    "img/misc/icon/social/remy/remy_adorable_f.png",
    "img/misc/icon/social/kylar/kylar_enamoured3_f.png",
    "img/misc/icon/social/darryl/darryl_adorable_f.png",
    "img/misc/icon/social/sydney/syd_conflicted_st_lo_gl.png",
    "img/misc/icon/social/whitney/whitney_lust_m.png",
    "img/misc/icon/social/sydney/syd_default_bl_lo_gl.png",
    "img/misc/icon/social/sydney/syd_know_bl_po_gl.png",
    "img/misc/icon/social/briar/briar_default_m.png",
    "img/misc/icon/social/sydney/syd_deflowered_bl_lo_gl.png",
    "img/misc/icon/social/sydney/syd_influenced_st_po_co.png",
    "img/misc/icon/social/sydney/syd_misguided_bl_po_gl.png",
    "img/misc/icon/social/harper/harper_adorable.png"
  ],
  "additionFile": [
    "game/base-system/overlays/social.txt",
    "game/base-system/addon-replace/namednpcs.txt",
    "game/base-system/addon-replace/loveinterests.txt",
    "readme.md"
  ],
  "addonPlugin": [
    {
      "modName": "TweeReplacer",
      "addonName": "TweeReplacerAddon",
      "modVersion": "1.0.0",
      "params": [
        {
          "passage": "Widgets Named Npcs",
          "findString": "\t\t<!-- Default cases for all other NNPCs -->",
          "replaceFile": "game/base-system/addon-replace/namednpcs.txt"
        },
        {
          "passage": "Widgets Named Npcs",
          "findString": "\t\t\t<</if>>\n\t\t<<case Kylar>>\n\t\t\t",
          "replaceFile": "game/base-system/addon-replace/loveinterests.txt"
        },
        {
          "passage": "Widgets Named Npcs",
          "findString": "\t\t\t<</if>>\n\t\t<<case \"Ivory Wraith\">>",
          "replace": "\t\t\t<</if>>*/\n\t\t<<case \"Ivory Wraith\">>"
        },
        {
          "passage": "Social",
          "findString": "\t\t<div id=\"npc-relations\" class=\"relation-box-list\">",
          "replaceFile": "game/base-system/overlays/social.txt"
        }
      ]
    },
    {
      "modName": "ModLoader DoL ImageLoaderHook",
      "addonName": "ImageLoaderAddon",
      "modVersion": "2.0.0"
    }
  ],
  "dependenceInfo": [
    {
      "modName": "TweeReplacer",
      "version": ">=1.0.0"
    },
    {
      "modName": "ModLoader DoL ImageLoaderHook",
      "version": "^2.3.0"
    }
  ]
}